Author Name,Author Other,Year,Title,Publication,Publisher,Item Format,Theme_1,Theme_2,Theme_3,Theme_4,Location,Language,Link,other tags/notes
"Agyeman, Julian",,2013,"Introducing Just Sustainabilities: Policy, Planning and Practice",,Zed Books,Book - Entire,"Sustainability, Environment, and Health",Racial and Social Justice,Development and Gentrification,,United States,English,,
"Agyeman, Julian",,2015,Sharing Cities: A Case for Truly Smart and Sustainable Cities,,MIT Press,Book - Entire,"Sustainability, Environment, and Health",Community Organizing and Citizen Participation,,,United States,English,,
"Agyeman, Julian",Caitlin Matthews and Hannah Sobel,2017,"Food Trucks, Cultural Identity, and Social Justice: From Loncheras to Lobsta Love",,MIT Press,Book - Entire,Racial and Social Justice,"Culture, Placemaking, and Black Geographies",,,United States,English,,
"Agyeman, Julian",Anja Kollmuss,2002,Mind the Gap: Why do people act environmentally and what are the barriers to pro-environmental behavior?”,Environmental Education Research,,Journal Article,"Sustainability, Environment, and Health",,,,United States,English,,
"Agyeman, Julian","Boone, Kofi",2020,Land loss has plagued black America since emancipation – is it time to look again at ‘black commons’ and collective ownership?,,The Conversation,Online Material,Racial and Social Justice,"Politics of Land, Property, and Colonialism",,,United States,English,https://theconversation.com/land-loss-has-plagued-black-america-since-emancipation-is-it-time-to-look-again-at-black-commons-and-collective-ownership-140514?utm_source=linkedin&utm_medium=bylinelinkedinbutton&fbclid=IwAR0tuFZNp9rz1T1euDBS8jTOg7L4xe-wJgk0jYTrl3qnpj0WiYA5Qhz2QXI,
"Agyeman, Julian (ed)","Bullard, Robert D. and Evans, Bob (eds)",2003,Just Sustainabilities: Development in an Unequal World,,MIT Press,Book - Entire,"Sustainability, Environment, and Health",Racial and Social Justice,Development and Gentrification,,United States,English,https://mitpress.mit.edu/books/just-sustainabilities,
"Allen, Danielle",,2004,Talking to Strangers: Anxieties of Citizenship since Brown V. Board of Education,,University of Chicago Press,Book - Entire,"Culture, Placemaking, and Black Geographies",,,,United States,English,,
"Allen, Diane Jones",,2017,"Lost in the Transit Desert: Race, Transit Access, and Suburban Form",,Routledge,Book - Entire,Transportation,Architecture and Urban Design,Urban History,,United States,English,,
"Anderson, Elijah",,1990,"Streetwise: race, class, and change in an urban community",,University of Chicago Press,Book - Entire,"Politics of Land, Property, and Colonialism",Urban History,,,United States,English,,
"Anderson, Elijah",,2015,The White Space,Sociology of Race and Ethnicity,,Journal Article,Segregation and Redlining,,,,United States,English,,
"Anthony, Carl",,2017,"The Earth, the City, and the Hidden Narrative of Race",,New Village Press,Book - Entire,Black Perspectives on Planning Practice and Education,Racial and Social Justice,,,United States,English,,
"Austin, Regina",,1998,"Not Just for the Fun of It': Governmental Restraints on Black Leisure, Social Inequality, and the Privatization of Public Sphere",Southern California Law Review,,Journal Article,Public Space and Parks,Municipal Policy and Governance,,,United States,English,,
"Barton, Craig",,2001,Sites of Memory: Perspectives on Architecture and Race,,Princeton Architectural Press,Book - Entire,Architecture and Urban Design,Urban History,"Culture, Placemaking, and Black Geographies",,United States,English,,
"Battle-Baptiste, Whitney",Britt Russert,2018,W.E.B. DuBois's Data Portraits: Visualizing Black America,,Princeton Architectural Press,Book - Entire,Racial and Social Justice,Urban History,,,United States,English,,
"Bell, Carla Jackson",,2014,Space Unveiled: Invisible Cultures in the Design Studio,,Routledge,Book - Entire,Black Perspectives on Planning Practice and Education,Architecture and Urban Design,Architecture and Urban Design,,United States,English,,
"Blackwell, Angela Glover",,2015,The Case for All In Cities,Just City Essays: Volume One,"J. Max Bond Center, CUNY",Book - Chapter,Racial and Social Justice,"Culture, Placemaking, and Black Geographies",Community Organizing and Citizen Participation,,United States,English,https://static1.squarespace.com/static/5b5dfb72697a9837b1f6751b/t/5b7d8b5a88251b1adad06c60/1534954340713/JustCityEssays.pdf,
"Bobo, Lawrence",,2000," Implications for Planners of Race, Inequality, and a Persistent 'Color Line'","In The Profession of City Planning: Changes, Images and Challenges: 1950-2000",Rutgers University Press,Book - Chapter,Black Perspectives on Planning Practice and Education,,,,United States,English,,
"Boone, Kofi",,2015,"Disembodied voices, embodied places: Mobile technology, enabling discourse, and interpreting place",Landscape and Urban Planning,,Journal Article,Mapping and GIS,Community Organizing and Citizen Participation,Public Space and Parks,,United States,English,,
"Boone, Kofi",,2018,Black Landscapes Matter,Ground Up,,Online Material,,,,,United States,English,http://groundupjournal.org/black-landscapes-matter,
"Boone, Kofi",,2010,Race and Landform - Racialized Topography,,,Video,Urban History,"Sustainability, Environment, and Health",Mapping and GIS,Segregation and Redlining,United States,English,https://vimeo.com/11807115,
"Botchwey, Nisha D.","Nick Johnson, L. Katie O'Connell and Anna J. Kim",2019,Including Youth in the Ladder of Citizen Participation,Journal of the American Planning Association,,Journal Article,Community Organizing and Citizen Participation,,,,United States,English,,
"Brown, Adrienne R.","Smith, Valerie",2016,Race and Real Estate,,Oxford University Press,Book - Entire,"Politics of Land, Property, and Colonialism",Public Housing and Cooperatives,Segregation and Redlining,,United States,English,,
"Brown, Charles T. ",,2017,Cycling Equity: Barriers to Bike Access and Use in Communities of Color,,NACTO,Video,Transportation,Development and Gentrification,,,United States,English,https://www.youtube.com/watch?v=fGZpZ15HvnM&feature=emb_title,
"Brown, David P.",,2006,Noise Orders,,University of Minnesota Press,Book - Entire,Architecture and Urban Design,"Culture, Placemaking, and Black Geographies",,,United States,English,,
"Brown, Lawrence",,2016,Two Baltimores: The White L vs. The Black Butterfly,,City Paper,Online Material,Segregation and Redlining,Urban History,,,United States,English,https://www.baltimoresun.com/citypaper/bcpnews-two-baltimores-the-white-l-vs-the-black-butterfly-20160628-htmlstory.html ,
"Brown, Lawrence",,2017,Baltimore Apartheid,,,Video,Segregation and Redlining,Urban History,,,United States,English,https://www.youtube.com/watch?v=P_zKrBh-m30,
"Brown, Lawrence",,2020,Investing in Baltimore’s Black Butterfly,,Invest in Baltimore,Video,Segregation and Redlining,Urban History,,,United States,English,https://www.youtube.com/watch?v=YzfvCpHHpVo ,
"Bullard, Robert",,2007,"The Black Metropolis in the 21st Century: Race, Power and the Politics of Place",,Rowan & Littlefield,Book - Entire,"Culture, Placemaking, and Black Geographies",Racial and Social Justice,,,United States,English,,
"Bullard, Robert D.","Johnson, Glenn S.",1997,Just transportation: Dismantling race and class barriers to mobility,,New Society Pub,Book - Entire,Transportation,Racial and Social Justice,,,United States,English,,
"Bullard, Robert D.",,2004,Addressing Urban Transportation Equity in the United States,Fordham Urban Law Journal,,Journal Article,Transportation,,,,United States,English,,
"Bullard, Robert D.",,2006,All Transit is Not Created Equal,"Race, Poverty, and the Environment",,Journal Article,Transportation,,,,United States,English,https://www.jstor.org/stable/41555221?seq=1#metadata_info_tab_contents,
"Bullard, Robert D. ","Johnson, Glenn S., and Torres, Angel O.",2007,Dismantling Transportation Apartheid in the United States Before and After Disasters Strike,,American Bar Association,Report,Transportation,,,,United States,English,https://www.americanbar.org/groups/crsj/publications/human_rights_magazine_home/human_rights_vol34_2007/summer2007/hr_summer07_bujoto/,
"Bullard, Robert D. (ed) ",,2008,"Growing Smarter: Achieving Livable Communities, Environmental Justice, and Regional Equity",,MIT Press,Book - Entire,Development and Gentrification,"Sustainability, Environment, and Health",Racial and Social Justice,,United States,English,https://mitpress.mit.edu/books/growing-smarter,
"Bullard, Robert D. (ed) ","Johnson, Glenn S., and Torres, Angel O.",2004,Highway Robbery: Transportation Racism & New Routes to Equity,,South End Press,Book - Entire,Transportation,Racial and Social Justice,,,United States,English,https://www.researchgate.net/publication/260307658_Highway_Robbery_Transportation_Racism_New_Routes_to_Equity,
"Bullard, Robert D. (ed) ","Johnson, Glenn S., and Torres, Angel O.",2000,"Sprawl city: Race, politics, and planning in Atlanta",,Island Press,Book - Entire,Development and Gentrification,Racial and Social Justice,Segregation and Redlining,,United States,English,,
"Butler, Tamika",,2016,Planning While Black,,NACTO,Video,Black Perspectives on Planning Practice and Education,Racial and Social Justice,Feminist and Queer Urbanism ,,United States,English,https://www.youtube.com/watch?time_continue=4&v=T4R7MuNBMvk&feature=emb_logo,
"Butler, Tamika",,2020,Why We Must Talk about Race when We Talk about Bikes,Bicycling,,Online Material,Transportation,Racial and Social Justice,,,United States,English,https://www.bicycling.com/culture/a32783551/cycling-talk-fight-racism/,
"Chamoiseau, Patrick",,1992,Texaco,Blanche,Gallimard,Book - Entire,Racial and Social Justice,,,,Global,English,,
"Christmas-Rouse, Chandra",,2016,"Race, Space and the Poetics of Planning: Toward a Black Feminist Space-Making Practice",,Harvard University Graduate School of Design,PhD Thesis,Feminist and Queer Urbanism ,"Culture, Placemaking, and Black Geographies",,,United States,English,,
"Coates, Ta-Nehisi",,2014,The Case for Reparations,The Atlantic,,Online Material,"Politics of Land, Property, and Colonialism",Racial and Social Justice,Public Housing and Cooperatives,,United States,English,https://www.theatlantic.com/magazine/archive/2014/06/the-case-for-reparations/361631/ ,
"Danso, Akua",,2019,Have you met Akua? | Architect,,Urbanist Platform,Video,Architecture and Urban Design,,,,Global,English,https://www.youtube.com/watch?v=Q--xZ_4fy0g,
"Davis, Angela",,1983,"Women, Race and Class",,Penguin Random House,Book - Entire,Feminist and Queer Urbanism ,Racial and Social Justice,Black Perspectives on Planning Practice and Education,,United States,English,,
"Delsol, Sherea",Monica Berra and Gini Richards,2016,Soul City,,,Video,Urban History,Racial and Social Justice,Community Organizing and Citizen Participation,,United States,English,http://www.soulcityfilm.com/ ,
"Drake, St. Clair",Horace R. Cayton,1945,Black Metropolis: A Study of Negro Life in a Northern City,,University of Chicago Press,Book - Entire,"Culture, Placemaking, and Black Geographies",Urban History,,,United States,English,https://press.uchicago.edu/ucp/books/book/chicago/B/bo20832325.html,
"DuBois, W.E.B.",,1899,The Philadelphia Negro,,"Harcourt, Brace and Company",Book - Entire,"Culture, Placemaking, and Black Geographies",Urban History,,,United States,English,,
"Ebo, Ifeoma",,2019,Building Resilience and Inspiring Justice by Design,The Centre for Conscious Design,,Online Material,Community Organizing and Citizen Participation,Architecture and Urban Design,Public Space and Parks,,United States,English,https://theccd.org/article/building-resilience-and-inspiring-justice-by-design/,
"Ebo, Ifeoma",,2018,Design Around the Edges,The Location of Justice,Urban Omnibus,Online Material,Black Perspectives on Planning Practice and Education,"Crime, Policing, and Surveillance","Culture, Placemaking, and Black Geographies",,United States,English,https://urbanomnibus.net/2018/04/design-around-edges/,
"Ebo, Ifeoma",,2019,"#cocreateDESIGN FESTIVAL | Ifeoma Ebo, Director of Strategic Design Initiatives at NY Mayor’s Office",,cocreateSANL,Video,"Culture, Placemaking, and Black Geographies","Crime, Policing, and Surveillance",Community Organizing and Citizen Participation,,United States,English,https://www.youtube.com/watch?v=hfoZ2roCgUQ,
"Eley, Carlton",,,Planner Profile: Carlton Eley - Equitable Development & Environmental Justice,,University of Pennsylvania Press,Video,Black Perspectives on Planning Practice and Education,,,,United States,English,https://www.planning.org/plannerprofile/carltoneley/ ,
"Etienne, Harley",,2012,Pushing Back the Gates: Neighborhood-Level Perspectives on University-Led Urban Revitalization,,Temple University Press,Book - Entire,Development and Gentrification,Development and Gentrification,,,United States,English,,
"Etienne, Harley",Barbara Faga,2015,Planning Atlanta,,Routledge,Book - Entire,Urban History,Municipal Policy and Governance,,,United States,English,,
"Etienne, Harley",,2020,The Detached Single-Family Home: Genie and Its Bottle,Journal of the American Planning Association,,Journal Article,Segregation and Redlining,Public Housing and Cooperatives,,,United States,English,,
"Faber, Jacob W",,2018,Segregation and the geography of creditworthiness: Racial inequality in a recovered mortgage market,Housing Policy Debate,,Journal Article,Segregation and Redlining,Public Housing and Cooperatives,,,United States,English,,
"Faber, Jacob W.",Ingrid G. Ellen,2016,Race and the Housing Cycle: Differences in Home Equity Trends Among Long-Term Homeowners,Housing Policy Debate,,Journal Article,Segregation and Redlining,Public Housing and Cooperatives,,,United States,English,,
"Fields, Darrell",,2016,"Architecture in Black: Theory, Space and Appearance",,Bloomsbury Academic,Book - Entire,Architecture and Urban Design,,,,United States,English,,
"Finney, Carolyn",,2014,"Black Faces, White Spaces: Reimagining the Relationship of African Americans to the Great Outdoors",,University of North Carolina Press,Book - Entire,,,,,United States,English,,
"Freeman-Wilson, Karen",,2015,Home-Grown Justice In a Legacy City,Just City Essays: Volume One,"J. Max Bond Center, CUNY",Book - Chapter,Racial and Social Justice,,,,United States,English,https://static1.squarespace.com/static/5b5dfb72697a9837b1f6751b/t/5b7d8b5a88251b1adad06c60/1534954340713/JustCityEssays.pdf,
"Freeman, Lance",,2006,There Goes the ‘Hood: Views of Gentrification from the Ground Up,,Temple University Press,Book - Entire,Development and Gentrification,"Culture, Placemaking, and Black Geographies",,,United States,English,,
"Freeman, Lance",,2019,A Haven and a Hell: the Ghetto in Black America,,Columbia University Press,Book - Entire,"Culture, Placemaking, and Black Geographies",,,,United States,English,,
"Freeman, Lance",,2008,Is Class Becoming a More Important Determinant of Neighborhood Attainment for African-Americans?,Urban Affairs Review,,Journal Article,Segregation and Redlining,,,,United States,English,,
"Freeman, Lance",Yunjing Li,2015,Do Source of Income Anti-discrimination Laws Facilitate Access to Less Disadvantaged Neighborhoods?,Housing Studies,,Journal Article,Segregation and Redlining,,,,United States,English,,
"Freeman, Lance",,2017,Producing Affordable Housing in Rising Markets: What Works?,Cityscape,,Journal Article,Development and Gentrification,,,,United States,English,,
"Fulliove, Mindy Thompson",,2015,An Antidote for the Unjust City: Planning to Stay,Just City Essays: Volume One,"J. Max Bond Center, CUNY",Book - Chapter,Municipal Policy and Governance,Community Organizing and Citizen Participation,Racial and Social Justice,Black Perspectives on Planning Practice and Education,United States,English,https://static1.squarespace.com/static/5b5dfb72697a9837b1f6751b/t/5b7d8b5a88251b1adad06c60/1534954340713/JustCityEssays.pdf,
"Fulliove, Mindy Thompson",,2013,Urban Alchemy: Restoring Joy in America’s Sorted-Out Cities,,NYU Press,Book - Entire,"Sustainability, Environment, and Health",,,,United States,English,,
"Fulliove, Mindy Thompson",,2016,"Root Shock: How Tearing Up City Neighborhoods Hurts America, And What We Can Do About It",,New Village Press,Book - Entire,Development and Gentrification,,,,United States,English,,
"Gates, Theaster",,2015,Up from the Basement: The Artist and the Making of the Just City,Just City Essays: Volume One,"J. Max Bond Center, CUNY",Book - Chapter,Black Perspectives on Planning Practice and Education,,,,United States,English,https://static1.squarespace.com/static/5b5dfb72697a9837b1f6751b/t/5b7d8b5a88251b1adad06c60/1534954340713/JustCityEssays.pdf,
"Gates, Theaster",,2018,How to Build a House Museum,,Art Gallery of Ontario,Book - Entire,"Culture, Placemaking, and Black Geographies",,,,Canada,English,,
"Gene, Demby",,2018,How Segregation Shapes Fatal Police Violence,Code Switch,NPR,Online Material,"Crime, Policing, and Surveillance",Segregation and Redlining,,,United States,English,https://www.npr.org/sections/codeswitch/2018/03/02/589483471/how-segregation-shapes-fatal-police-shootings,
"Gene, Demby",,2018,Housing Segregation and Redlining in America: A Short History ,,NPR,Video,Segregation and Redlining,,,,United States,English,https://www.youtube.com/watch?v=O5FBJyqfoLM,
"Gooden, Mario",,2016,"Dark Space: Architecture, Representation, Black Identity",,Columbia University Press,Book - Entire,Architecture and Urban Design,,,,United States,English,,
"Gray, Stephen","Ocampo, Mary Anne",2017,Resilient Edges: Exploring a Socio-Ecological Urban Design Approach in Metro Manila,The Plan Journal,,Journal Article,"Sustainability, Environment, and Health",Architecture and Urban Design,,,Global,English,http://www.theplanjournal.com/article/resilient-edges-exploring-socio-ecological-urban-design-approach-metro-manila,
"Griffin, Toni L",,2015,Defining the Just City Beyond Black and White,Just City Essays: Volume One,"J. Max Bond Center, CUNY",Book - Chapter,Black Perspectives on Planning Practice and Education,Segregation and Redlining,,,United States,English,https://static1.squarespace.com/static/5b5dfb72697a9837b1f6751b/t/5b7d8b5a88251b1adad06c60/1534954340713/JustCityEssays.pdf,
"Harris, Cheryl",,1993,Whiteness as Property,Harvard Law Review,,Journal Article,"Politics of Land, Property, and Colonialism",Racial and Social Justice,,,United States,English,https://www.jstor.org/stable/pdf/1341787.pdf ,
"Hood, Walter",,1997,Urban Diaries,,Spacemaker Press,Book - Entire,Architecture and Urban Design,Public Space and Parks,"Culture, Placemaking, and Black Geographies",,United States,English,,
"Hood, Walter",,2019,How urban spaces can preserve history and build community,,TedX,Video,"Culture, Placemaking, and Black Geographies","Culture, Placemaking, and Black Geographies",Public Space and Parks,,United States,English,"https://www,youtube.com/watch?v=762c6pFpoqg ",
"Hunter, Marcus Anthony",,2013,Black Citymakers: How the Philadelphia Negro Changed Urban America,,Oxford University Press,Book - Entire,Urban History,"Culture, Placemaking, and Black Geographies",,,United States,English,,
"Hunter, Marcus Anthony",Zandria F. Robinson,2018,Chocolate Cities: The Black Map of American Life,,University of California Press,Book - Entire,Urban History,"Culture, Placemaking, and Black Geographies",,,United States,English,https://www.ucpress.edu/book/9780520292833/chocolate-cities,
"Hunter, Marcus Anthony","Mary Pattillo, Zandria F. Robinson and Keeanga-Yamahtta Taylor",2016,"Black Placemaking: Celebration, Play and Poetry","Theory, Culture & Society",,Journal Article,"Culture, Placemaking, and Black Geographies",Public Space and Parks,,,United States,English,,
"Hutson, Malo",,2015,"The Urban Struggle for Economic, Environmental and Social Justice",,Routledge,Book - Entire,Racial and Social Justice,"Sustainability, Environment, and Health",,,United States,English,,
"Jackson, April",,2019,Cultural Competence and Racial Inclusion in New Urbanist Communities,Research Agenda for New Urbanism,Routledge,Book - Chapter,Development and Gentrification,Architecture and Urban Design,Black Perspectives on Planning Practice and Education,,United States,English,,
"Jackson, April",,2019,"Accountability Matters: Beyond Commitment, the Role of Intermediate Mechanisms in Implementing Plans in Mixed Income Communities",Housing Studies,,Journal Article,Community Organizing and Citizen Participation,Municipal Policy and Governance,,,United States,English,,
"Jackson, April",,2018,"Barriers to Integrating New Urbanism in Mixed-Income Housing Plans in Chicago: Developer, Housing Official, and Consultant Perspectives",Housing Policy Debate,,Journal Article,Development and Gentrification,,,,United States,English,,
"Jackson, April","Lee, A., Chrisinger, B., Greenlee, A., Garcia-Zambrana, I",2020,Beyond Recruitment: Comparing Experiences of Climate and Diversity between International Students and Domestic Students of Color in U.S. Urban Planning Programs,Journal of Planning Education and Research,,Journal Article,Black Perspectives on Planning Practice and Education,,,,United States,English,,
"Jackson, April","Lee, A., Chrisinger, B., Greenlee, A., Garcia-Zambrana, I",2018,All Talk No Walk: Student Perceptions on Integration of Diversity and Practice in Planning Programs,Planning Practice & Research,,Journal Article,Black Perspectives on Planning Practice and Education,,,,United States,English,,
"Jeffers, Kristen",,2020,"Black Urbanist Journey: Wisdom, Lessons and Models from Ten Years as The Black Urbanist",,,Book - Entire,Black Perspectives on Planning Practice and Education,,,,United States,English,,
"Jeffers, Kristen",,2018,You Want Me To Turn Where? On The Annoyances–And Dangers–Of Bad Street Signs,,The Kojo Nnamdi Show,Online Material,Architecture and Urban Design,Transportation,Public Space and Parks,,United States,English,https://wamu.org/story/18/02/19/you-want-me-to-turn-where-on-the-annoyances-and-dangers-of-bad-street-signs/,
"Kamara, Mariam",,2020,Interview with Live with Mariam Kamara,Virtual Design Festival,,Video,Architecture and Urban Design,,,,Global,English,https://www.youtube.com/watch?v=qIwTQ9AFHvY,
"King, Brandon",,2017,Organizing a Transition City: the case of Jackson Mississippi,,Ouishare tV,Video,Public Housing and Cooperatives,Development and Gentrification,Racial and Social Justice,Community Organizing and Citizen Participation,United States,English,https://www.youtube.com/watch?v=RyZHXADwQn4,
"King, Brandon",,2019,Making the Transition from Extraction to Regeneration,,Bioneers,Video,"Sustainability, Environment, and Health",Development and Gentrification,Community Organizing and Citizen Participation,,United States,English,https://www.youtube.com/watch?v=6Dp0yOHd9lk,
"Lee, Bryan",,2020,America’s Cities Were Designed to Oppress,,Bloomberg CityLab,Online Material,Architecture and Urban Design,Racial and Social Justice,Public Space and Parks,,United States,English,https://www.bloomberg.com/news/articles/2020-06-03/how-to-design-justice-into-america-s-cities,
"Lee, Bryan ",,2019,Design Justice for an Unjust World - Op-ed: How architecture is challenging privilege and power,,Next City,Online Material,Architecture and Urban Design,Racial and Social Justice,,,United States,English,https://nextcity.org/features/view/design-justice-for-an-unjust-world,
"Lee, Bryan ",,2016,"Race, Architecture, and Tales for the Hood",,TEDx,Video,Architecture and Urban Design,"Culture, Placemaking, and Black Geographies",,,United States,English,https://www.youtube.com/watch?v=_gfg3IB7i24,
"Leggs, Brent",Kerri Rubman and Byrd Wood,2012,Preserving African American Historic Places,National Trust for Historic Preservation,,Online Material,"Culture, Placemaking, and Black Geographies",,,,United States,English,https://forum.savingplaces.org/HigherLogic/System/DownloadDocumentFile.ashx?DocumentFileKey=8a25da05-bc46-3141-bf02-ec8e6cb72e0b&forceDialog=0 ,
"Lipsitz, George",,2011,How Racism Takes Place,,Temple University Press,Book - Entire,Segregation and Redlining,Racial and Social Justice,,,United States,English,,
"Huyghues Belrose, Vincent",,2016,La société d'habitation: une civilisation historique,,Potomitan,Online Material,Urban History,"Culture, Placemaking, and Black Geographies","Politics of Land, Property, and Colonialism",,Global,French,https://kapeskreyol.potomitan.info/dissertation.php,
"Lokko, Lesley",,2015,In it together,Just City Essays: Volume One,"J. Max Bond Center, CUNY",Book - Chapter,Racial and Social Justice,,,,Global,English,https://static1.squarespace.com/static/5b5dfb72697a9837b1f6751b/t/5b7d8b5a88251b1adad06c60/1534954340713/JustCityEssays.pdf,
"Lokko, Lesley",,2019,Wait Just A Minute: Lesley Lokko,,Chicago Council on Global Affairs,Video,Architecture and Urban Design,Black Perspectives on Planning Practice and Education,,,Global,English,https://www.youtube.com/watch?v=yoL2ykQZNWo,
"Lokko, Lesley (ed.)",,2000,"White papers, black marks: Architecture, race and culture",,University of Minnesota Press,Book - Entire,Architecture and Urban Design,,,,Global,English,,
"Long, Herman H.",Charles Spurgeon Johnson,1947,People vs. Property; Race Restrictive Covenants in Housing,,Fisk University Press,Book - Entire,Segregation and Redlining,,,,United States,English,,
"Lundi, Daphne",,2020,Rewriting the Urban Planning Canon,Planning Magazine,American Planning Association,Online Material,Black Perspectives on Planning Practice and Education,,,,United States,English,https://www.planning.org/planning/2020/feb/intersections-viewpoint/,
"Maditla, Neo",,2018,"On resisting gentrification, social housing and the removal of statues in Central Park",,Design Indaba,Online Material,Development and Gentrification,Public Space and Parks,"Culture, Placemaking, and Black Geographies",,United States,English,https://www.designindaba.com/articles/creative-work/resisting-gentrification-social-housing-and-removal-statues-central-park,
"Mbembe, Achille",,2006,Nécropolitique,Raisons politiques,,Journal Article,"Politics of Land, Property, and Colonialism",Racial and Social Justice,,,Global,French,https://www.cairn.info/revue-raisons-politiques-2006-1-page-29.htm,
"McCray, Talia",Nicole Brais,2007,Exploring the Role of Transportation in Fostering Social Exclusion: The Use of GIS to Support Qualitative Data,Networks and Spatial Economics: A Journal of Infrastructure Modeling and Computation,,Journal Article,Transportation,Mapping and GIS,,,United States,English,,
"McCray, Talia",,2009,Engaging disadvantaged populations in transport studies: Linking modal use and perceptions of safety to activity patterns,Research in Transportation Economics,,Journal Article,Transportation,Mapping and GIS,,,United States,English,,
"McCray, Talia",Sabina Mora,2011,Analyzing the Activity Spaces of Low-Income Teenagers: How Do They Perceive the Spaces Where Activities are Carried Out?,Journal of Urban Affairs,,Journal Article,Public Space and Parks,"Crime, Policing, and Surveillance",Mapping and GIS,,United States,English,,
"McCray, Talia",,2012,The Bus Stops Here: African Americans & Urban Transportation,,Blackademics TV,Video,Transportation,,,,United States,English,https://www.youtube.com/watch?v=2kndhLt931E ,
"McKittrick, Katherine",Clyde Woods,2007,Black Geographies and the Politics of Place,,South End Press,Book - Entire,"Culture, Placemaking, and Black Geographies",,,,United States,English,,
"McKittrick, Katherine",,2013,Plantation Futures,Small Axe,,Journal Article,"Politics of Land, Property, and Colonialism",Racial and Social Justice,"Culture, Placemaking, and Black Geographies",,United States,English,,
"Miller, Matthew Jordan",,2015,Social Finance in Black Geographies: A Statistical Analysis of Locations in Los Angeles County,Harvard Journal of African American Public Policy,,Journal Article,Segregation and Redlining,Development and Gentrification,"Culture, Placemaking, and Black Geographies",,United States,English,,
"Miller, Matthew Jordan",,2018,"The Geography of Black Commerce and Culture: Los Angeles, California, and Beyond",,University of Southern California,PhD Thesis,Development and Gentrification,"Culture, Placemaking, and Black Geographies",,,United States,English,,
"Mitchell, Melvin",,2020,African American Architects: Embracing Culture and Building Urban Communities,,Katherine Williams Publishing,Book - Entire,Architecture and Urban Design,,,,United States,English,,
"Mitchell, Melvin",,2002,The Crisis of the African-American Architect: Conflicting Cultures of Architecture and (Black) Power,,iUniverse,Book - Entire,Architecture and Urban Design,,,,United States,English,,
"Mitchell, Melvin",,2020,Lecture on African American Architects: Embracing Culture and Building Urban Communities,,Morgan State University,Video,Architecture and Urban Design,,,,United States,English,https://www.youtube.com/watch?v=u0t_rFKVFeM ,
"Mock, Brentin",,2019,Why Detroit residents pushed back against tree-planting,,Grist,Online Material,Community Organizing and Citizen Participation,"Sustainability, Environment, and Health",,,United States,English,https://grist.org/article/why-detroit-residents-pushed-back-against-tree-planting/,
"Mock, Brentin",,2017,Behind the Black Architectural Resistance,,CityLab,Online Material,Architecture and Urban Design,,,,United States,English,https://www.citylab.com/design/2017/05/black-architectural-insurgency-in-the-trump-era/527316/,
"Mock, Brentin",,2015,"There Are No Urban Design Courses on Race and Justice, So We Made Our Own Syllabus",,CityLab,Online Material,Black Perspectives on Planning Practice and Education,,,,United States,English,https://www.bloomberg.com/news/articles/2015-05-14/black-students-at-harvard-s-graduate-school-of-design-say-there-are-no-courses-on-race-and-justice-so-we-made-one,
"Mondesir, Coretta",,2019,"Paul Perez, Homeownership and Wealth Building Advocate",,BlackandUrban,Online Material,Public Housing and Cooperatives,Segregation and Redlining,Development and Gentrification,,United States,English,https://www.blackandurban.com/sustainability-habitation/2020/1/15/paul-perez-homeownership-and-wealth-building-advocate,
"Mondesir, Coretta",,2018,Amazon Played Y'all Part 1,,BlackandUrban,Online Material,Development and Gentrification,,,,United States,English,https://www.blackandurban.com/social-urbanism/2019/8/24/amazon-played-yall-part-1,
"Mondesir, Coretta",,2019,Amazon Played Y'all Part 2,,BlackandUrban,Online Material,Development and Gentrification,,,,United States,English,https://www.blackandurban.com/social-urbanism/2019/8/25/amazon-played-yall-part-2,
"Montgomery, Alesia F.",,2020,Greening the Black Urban Regime: The Culture and Commerce of Sustainability in Detroit,,Wayne State University,Book - Entire,"Sustainability, Environment, and Health",Development and Gentrification,Municipal Policy and Governance,Community Organizing and Citizen Participation,United States,English,,
"Montgomery, Alesia F.",,2015,Creation Before Creation: Meditation on Democracy in Detroit,Michigan Quarterly Review,,Journal Article,Community Organizing and Citizen Participation,,,,United States,English,,
"Montgomery, Alesia F.",,2015,Different Futures for Different Neighborhoods: The Sustainability Fix in Detroit,Ethnography,,Journal Article,"Sustainability, Environment, and Health",Community Organizing and Citizen Participation,,,United States,English,,
"Montgomery, Alesia F.",,2011,Ghettos and Enclaves in the Cross-Place Realm: Mapping Socially Bounded Spaces Across Cities,International Journal of Urban & Regional Research,,Journal Article,Community Organizing and Citizen Participation,Segregation and Redlining,,,United States,English,,
"Montgomery, Alesia F.",,2016,"Reappearance of the Public: Placemaking, Minoritization and Resistance in Detroit",International Journal of Urban and Regional Research,,Journal Article,"Culture, Placemaking, and Black Geographies",Community Organizing and Citizen Participation,Municipal Policy and Governance,,United States,English,https://doi.org/10.1111/1468-2427.12417,
"Moore, Darnell",,2015,Urban Spaces and the Mattering of Black Lives,Just City Essays: Volume One,"J. Max Bond Center, CUNY",Book - Chapter,"Crime, Policing, and Surveillance",Development and Gentrification,Racial and Social Justice,,United States,English,https://static1.squarespace.com/static/5b5dfb72697a9837b1f6751b/t/5b7d8b5a88251b1adad06c60/1534954340713/JustCityEssays.pdf,
"Moore, Justin Garrett",,2012,Past Forward: Roots and Recovery in the American City,Cities and the Environment,,Journal Article,Racial and Social Justice,Development and Gentrification,Community Organizing and Citizen Participation,"Sustainability, Environment, and Health",United States,English,https://www.academia.edu/1929811/Past_Forward_Roots_and_Recovery_in_the_American_City,
"Moore, Justin Garrett",,2017,"Making a Difference: Reshaping the Past, Present, and Future Toward Greater Equity",Forum Journal,,Journal Article,Racial and Social Justice,Community Organizing and Citizen Participation,,,United States,English,https://muse.jhu.edu/article/685874,
"Moore, Justin Garrett",,2015,Justin Garrett Moore: On Humility And Loving Our Cities (Because it's bigger than you),,Creative Mornings,Video,"Culture, Placemaking, and Black Geographies",Development and Gentrification,,,United States,English,https://www.youtube.com/watch?v=MugG6lhQ7Tg,
"Moore, Justin Garrett",,2019,Elevated Chicago Symposium - Keynote Speaker Justin Garrett Moore,,Elevated Chicago,Video,"Culture, Placemaking, and Black Geographies",Development and Gentrification,,,United States,English,https://www.youtube.com/watch?v=LOnb-pflmDQ,
"Moore, Natalie Y",,2017,The South Side: A Portrait of Chicago and American Segregation,,Picador,Book - Entire,Segregation and Redlining,"Culture, Placemaking, and Black Geographies",,,United States,English,,
"Mugabo, Délice",,2018,Black in the city: On the ruse of ethnicity and language in an antiblack landscape,Identities,,Journal Article,"Culture, Placemaking, and Black Geographies",,,,Canada,English,https://doi.org/10.1080/1070289X.2018.1545816,immigration
"Nangwaya, Ajamu",Kali Akuno,2017,"Jackson Rising: The Struggle for Economic Democracy and Black Self-Determination in Jackson, Mississippi",,Daraja Press,Book - Entire,Community Organizing and Citizen Participation,Racial and Social Justice,Municipal Policy and Governance,"Culture, Placemaking, and Black Geographies",United States,English,https://darajapress.com/publication/jackson-rising-the-struggle-for-economic-democracy-and-self-determination-in-jackson-mississippi ,
"Nicholas, Byron",,2019,"The Master Planners of New York: Inside Look at Brownsville, BK",,BlackandUrban,Online Material,Municipal Policy and Governance,Community Organizing and Citizen Participation,Development and Gentrification,,United States,English,https://www.blackandurban.com/sustainability-habitation/2020/1/15/the-master-planners-of-new-york-inside-look-at-brownsville-bk,
"Nicholas, Byron",,2020,How Urban Planning Shaped Old Benin City,,BlackandUrban,Online Material,Urban History,,,,Global,English,https://www.blackandurban.com/sustainability-habitation/2020/1/29/urban-planning-in-benin-city,
"Nicholas, Byron","Williams, Kyle",2019,Transit Policing: Is it Necessary? The Making of America's Police-State Capitol,,BlackandUrban,Online Material,Transportation,"Crime, Policing, and Surveillance",,,United States,English,https://www.blackandurban.com/transportationcontent/transit-policing,
"Nicholas, Byron",,2019,Oonee: The Next Cool Thing for Urban Transportation,,BlackandUrban,Online Material,Transportation,,,,United States,English,https://www.blackandurban.com/transportationcontent/2019/7/3/682uibracg2dslsmvq7xdrtl3d7l1t,
"Nicholas, Byron",,2018,"Racism in Transportation Policy is Inconvenient, Unjust and Can Have Deadly Effects",,BlackandUrban,Online Material,Transportation,,,,United States,English,https://www.blackandurban.com/transportationcontent/2019/7/4/racism-in-transportation-policy-is-inconvenientnbspunjust-and-can-have-deadly-effects,
"Olosunde, Sola",,2020,Mutual Housing Associations: A Potential Solution To Slow Gentrification,,BlackandUrban,Online Material,Public Housing and Cooperatives,Development and Gentrification,,,United States,English,https://www.blackandurban.com/sustainability-habitation/2020/2/15/mutual-housing-associations-a-potential-solution-to-slow-gentrification,
"Owens, Michael Leo","Sumner, Jane Lawrence",2018,Regional or Parochial? Support for Cross-Community Sharing within City-Regions,Journal of Urban Affairs,,Journal Article,Community Organizing and Citizen Participation,,,,United States,English,https://www.tandfonline.com/doi/abs/10.1111/juaf.12279?journalCode=ujua20,
"Owens, Michael Leo","Rodriguez, Akira Drake and Brown, Robert A.",2020,“Let’s Get Ready to Crumble”: Black Municipal Leadership and Public Housing Transformation in the United States,Urban Affairs Review,,Journal Article,Municipal Policy and Governance,Public Housing and Cooperatives,Development and Gentrification,,United States,English,https://doi.org/10.1177/1078087419901299,
"Owens, Michael Leo",,2010,Transportation Tax Could be Tough Sell,,Atlanta Journal-Constitution,Online Material,Municipal Policy and Governance,Transportation,,,United States,English,https://www.ajc.com/news/opinion/transportation-tax-could-tough-sell/8uP8mUGpfLE1quXrbppSCO/,
"Paterson, Eva",,2006,Celebrate Rosa Parks and the Montgomery Bus Boycott: End Race Discrimination in Public Transport Today,"Race, Poverty, and the Environment",,Journal Article,Municipal Policy and Governance,Transportation,Racial and Social Justice,,United States,English,https://www.jstor.org/stable/41555223?seq=1#metadata_info_tab_contents,
"Patterson, Orlando",,2015,The Social and Cultural Matrix of Black Youth,The Cultural Matrix: Understanding Black Youth,Harvard University Press,Book - Chapter,"Culture, Placemaking, and Black Geographies",,,,United States,English,,
"Pattillo, Mary",,1999,Black Picket Fences: Privilege and Peril among the Black Middle Class,,University of Chicago Press,Book - Entire,"Culture, Placemaking, and Black Geographies",Segregation and Redlining,,,United States,English,,
"Pattillo, Mary",,2007,Black on the Block: The Politics of Race and Class in the City,,University of Chicago Press,Book - Entire,Development and Gentrification,Community Organizing and Citizen Participation,,,United States,English,,
"Pattillo, Mary",,2009,Making Fair (Public) Housing Claims in a Post-Racism Legal Context,Journal of Affordable Housing,,Journal Article,Public Housing and Cooperatives,,,,United States,English,,
"Perry, Andre M.",,2020,Know Your Price: Valuing Black Lives and Properties in America’s Black Cities,,Princeton University Press,Book - Entire,Development and Gentrification,"Politics of Land, Property, and Colonialism",Racial and Social Justice,,United States,English,,
"Perry, Andre M.",,2017,Why Black Cities Matter,,Brookings Institution,Online Material,"Culture, Placemaking, and Black Geographies",,,,United States,English,https://www.brookings.edu/podcast-episode/why-black-cities-matter/ ,
"Perry, Andre M.",,2017," Recognizing majority-black cities, when their existence is being questioned",,Brookings Institution,Online Material,"Culture, Placemaking, and Black Geographies",,,,United States,English,https://www.brookings.edu/blog/the-avenue/2017/10/04/recognizing-majority-black-cities-when-their-existence-is-being-questioned/  ,
"Perry, Ravi K.",,2014," Black Mayors, White Majorities: The Balancing Act of Racial Politics",,University of Nebraska Press,Book - Entire,Municipal Policy and Governance,,,,United States,English,,
"Perry, Ravi K.",,2009,Black Mayors in Non-Majority (Medium-Sized) Cities: Universalizing the Interests of Blacks,Ethnic Studies Review,,Journal Article,Municipal Policy and Governance,,,,United States,English,,
"Pitter, Jay",John Lorinc,2016,Subdivided: City-Building in an Age of Hyper-Diversity,,Coach House Books,Book - Entire,Municipal Policy and Governance,Racial and Social Justice,,,Canada,English,,
"Pitter, Jay",,2020,A Call to Courage: An open letter to Canadian urbanists,,,Online Material,Black Perspectives on Planning Practice and Education,,,,Canada,English,https://canurb.org//wp-content/uploads/OpenLetter-ACallToCourage-Final-June2020.pdf,
"Pitter, Jay",,2017,The High Price of Housing Snippet,,,Video,Public Housing and Cooperatives,,,,Canada,English,https://www.youtube.com/watch?v=QqCzTKmVjsc,
"Pitter, Jay","Orlando Bailey, Tamika Butler, Anthonia Ogundele, and Will Prosper",2020,How do we respond to anti-Black racism in urbanist practices and conversations?,,Canadian Urban Institute,Video,Racial and Social Justice,Black Perspectives on Planning Practice and Education,,,Canada,English,https://www.youtube.com/watch?v=RVzSWayeMPE,
"Pitts, Steven",,2006,Transit Unions: Key Allies in the Struggle for Transportation Justice,"Race, Poverty, and the Environment",,Journal Article,Transportation,,,,United States,English,https://www.jstor.org/stable/41555244?seq=1#metadata_info_tab_contents,
"Rodriguez, Akira Drake",,2019,Housing Preservation as a Means Toward Social Justice,,Housing Policy Debate,Journal Article,Racial and Social Justice,"Culture, Placemaking, and Black Geographies",,,United States,English,https://www.tandfonline.com/doi/full/10.1080/10511482.2018.1506395,
"Rodriguez, Akira Drake",,2015,More than Shelter: Activism and Community in San Francisco Public Housing,,"Housing, Theory and Society",Journal Article,Public Housing and Cooperatives,Community Organizing and Citizen Participation,,,United States,English,https://www.tandfonline.com/doi/abs/10.1080/14036096.2015.1026088?journalCode=shou20,
"Rodriguez, Akira Drake",,2014,"The politics of Atlanta's public housing: Race, planning, and inclusion, 1936-1975",,Rutgers University,PhD Thesis,Public Housing and Cooperatives,,,,United States,English,https://rucore.libraries.rutgers.edu/rutgers-lib/44087/PDF/1/play/,
"Ross, Catherine",,2009,Megaregions: Planning for Global Competitiveness,,Island Press,Book - Entire,Black Perspectives on Planning Practice and Education,Development and Gentrification,,,United States,English,,
"Ross, Catherine",,2011,Transport and megaregions: high-speed rail in the United States,The Town Planning Review,,Journal Article,Transportation,Development and Gentrification,,,United States,English,,
"Ross, Lynn (Working Group Co-Chair)",,2019,Planning for Equity Policy Guide,,American Planning Association,Online Material,Black Perspectives on Planning Practice and Education,Municipal Policy and Governance,Racial and Social Justice,,United States,English,https://www.planning.org/publications/document/9178541/,
"Sere, Neba","Baden-Powell, Umi ",2020,Decolonising Architecture,100 Day Studio,Black Females in Architecture,Video,Architecture and Urban Design,Racial and Social Justice,,,United States,English,https://www.youtube.com/watch?v=OHXwinkzfgc,
"Slocum, Karla",,2019,"Black Towns, Black Futures: The Enduring Allure of a Black Place in the American West",,University of North Carolina Press,Book - Entire,"Culture, Placemaking, and Black Geographies",,,,United States,English,,
"Spencer, Scot",,2015,The Long Ride,Just City Essays: Volume One,"J. Max Bond Center, CUNY",Book - Chapter,Transportation,Racial and Social Justice,,,United States,English,https://static1.squarespace.com/static/5b5dfb72697a9837b1f6751b/t/5b7d8b5a88251b1adad06c60/1534954340713/JustCityEssays.pdf,
"Summers, Brandi Thompson",,2019,Black in Place: The Spatial Aesthetics of Race in a Post-Chocolate City,,University of North Carolina Press,Book - Entire,"Culture, Placemaking, and Black Geographies",Development and Gentrification,,,United States,English,https://uncpress.org/book/9781469654010/black-in-place/,
"Summers, Brandi Thompson","Howell, Kathryn",2019,"Fear and Loathing (of others): Race, Class and Contestation of Space in Washington, DC",International Journal of Urban and Regional Research,,Journal Article,"Culture, Placemaking, and Black Geographies",Development and Gentrification,Public Space and Parks,,United States,English,https://www.ijurr.org/article/fear-and-loathing-of-others-race-class-and-contestation-of-space-in-washington-dc/,
"Summers, Brandi Thompson",,2020,What Black America Knows About Quarantine,,The New York Times,Online Material,"Crime, Policing, and Surveillance",Racial and Social Justice,,,United States,English,https://www.nytimes.com/2020/05/15/opinion/sunday/coronavirus-ahmaud-arbery-race.html,
"Sutton, Sharon E.",,2016,When Ivory Towers Were Black: A Story about Race in America's Cities and Universities,,Fordham University Press,Book - Entire,Black Perspectives on Planning Practice and Education,Architecture and Urban Design,Racial and Social Justice,,United States,English,,
"Sutton, Sharon E.",Susan P. Kemp,2011,The Paradox of Urban Space: Inequality and Transformation in Marginalized Communities,,Palgrave Macmillian,Book - Entire,"Culture, Placemaking, and Black Geographies",Racial and Social Justice,,,United States,English,,
"Sutton, Sharon E.",,2014,"Special Issue ""Designing Spaces for City Living""",Buildings,,Journal Article,Racial and Social Justice,Architecture and Urban Design,Community Organizing and Citizen Participation,,United States,English,https://www.mdpi.com/journal/buildings/special_issues/designing_spaces_for_city_living,
"Sutton, Stacey",,2018,Gentrification and the Increasing Significance of Racial Transition in New York City 1970-2010,Urban Affairs Review,,Journal Article,Development and Gentrification,,,,United States,English,,
"Sutton, Stacey",,2019,Cooperative Cities: Municipal Support for Worker Cooperatives in the United States,Journal of Urban Affairs,,Journal Article,Municipal Policy and Governance,Public Housing and Cooperatives,,,United States,English,,
"Sutton, Stacey",,2015,What we don’t understand about gentrification,,TedX New York,Video,Development and Gentrification,,,,United States,English,https://www.youtube.com/watch?v=XqogaDX48nI ,
"Taylor, Keeanga-Yamahtta",,2019,Race for Profit: How Banks and the Real Estate Industry Undermined Black Homeownership,,University of North Carolina Press,Book - Entire,Segregation and Redlining,,,,United States,English,,
"Taylor, Tiffany-Ann",,2019,Women Changing Transportation: Tiffany-Ann Taylor,,,Online Material,Transportation,Feminist and Queer Urbanism ,,,United States,English,https://transitcenter.org/women-changing-transportation-tiffany-ann-taylor/,
"Thomas, Destiny",,2020,‘Safe Streets’ Are Not Safe for Black Lives,CityLab,,Online Material,Public Space and Parks,"Crime, Policing, and Surveillance",,,United States,English,https://www.citylab.com/perspective/2020/06/open-streets-transportation-planning-urban-design-racism/612763/ ,
"Thomas, June Manning",,1998,Racial Inequality and Empowerment: Necessary Theoretical Constructs for Understanding Planning History,Making the Invisible Visible: A Multicultural Planning History,University of California Press,Book - Chapter,Community Organizing and Citizen Participation,Urban History,Racial and Social Justice,,United States,English,,
"Thomas, June Manning",,2012,"Social Justice as Responsible Practice:  Race, Ethnicity, and the Influence of the Civil Rights Era",Planning Ideas that Matter,MIT Press,Book - Chapter,Racial and Social Justice,Black Perspectives on Planning Practice and Education,Community Organizing and Citizen Participation,,United States,English,,
"Thomas, June Manning",,2012,The Role of Ethnicity and Race in Supporting Sustainable Urban Environments,Urban Sustainability: A Global Perspective,Michigan State University Press,Book - Chapter,"Sustainability, Environment, and Health",Racial and Social Justice,,,Global,English,,
"Thomas, June Manning",,2012,"Addressing the Racial, Ethnic, and Class Implications of Shrinking Cities",Rebuilding America’s Legacy Cities: New Directions for the Industrial Heartland," Columbia University, American Assembly",Book - Chapter,Development and Gentrification,Racial and Social Justice,,,United States,English,,
"Thomas, June Manning",,2016,"Community Organizing, Planning, and Racial Marginalisation",The Participatory City,Jovis,Book - Chapter,Racial and Social Justice,Community Organizing and Citizen Participation,Black Perspectives on Planning Practice and Education,,United States,English,,
"Thomas, June Manning",,1997,Urban Planning and the African American Community: In the Shadows,,Sage Publications,Book - Entire,Black Perspectives on Planning Practice and Education,Municipal Policy and Governance,Racial and Social Justice,,United States,English,https://us.sagepub.com/en-us/nam/urban-planning-and-the-african-american-community/book5746,
"Thomas, June Manning",H.C. Bekkering,2015,"Mapping Detroit:  Land, Community, and Shaping a City",,Wayne State University Press,Book - Entire,Urban History,Development and Gentrification,Mapping and GIS,,United States,English,https://www.wsupress.wayne.edu/books/detail/mapping-detroit,
"Thomas, June Manning",,1997,Redevelopment and Race: Planning a Finer City in Postwar Detroit,,Johns Hopkins University Press,Book - Entire,Urban History,Development and Gentrification,,,United States,English,https://taubmancollege.umich.edu/faculty/faculty-publications/redevelopment-and-race-planning-finer-city-postwar-detroit,
"Thomas, June Manning",,1990,Planning and Industrial Decline: Lessons from Postwar Detroit,Journal of the American Planning Association,,Journal Article,Urban History,Development and Gentrification,,,United States,English,https://www.tandfonline.com/doi/abs/10.1080/01944369008975774,
"Thomas, June Manning",,1994,Planning History and the Black Urban Experience: Linkages and Contemporary Implications,Journal of Planning Education and Research,,Journal Article,Development and Gentrification,Urban History,,,United States,English,https://journals.sagepub.com/doi/10.1177/0739456X9401400101,
"Thomas, June Manning",,2004,Neighborhood Planning: Uses of Oral History,Journal of Planning History,,Journal Article,Community Organizing and Citizen Participation,,,,United States,English,https://journals.sagepub.com/doi/abs/10.1177/1538513203262047?journalCode=jpha,
"Thomas, June Manning",Julia Darnton,2006,Social Diversity and Economic Development in the Metropolis,Journal of Planning Literature,,Journal Article,Development and Gentrification,Racial and Social Justice,,,United States,English,https://journals.sagepub.com/doi/10.1177/0885412206292259,
"Thomas, June Manning",,2008,The Minority-Race Planner in the Quest for a Just City,Planning Theory,,Journal Article,Black Perspectives on Planning Practice and Education,Racial and Social Justice,,,United States,English,https://journals.sagepub.com/doi/10.1177/1473095208094822,
"Thomas, June Manning",,2018,Josephine Gomon Plans for Detroit’s Rehabilitation,Journal of Planning History,,Journal Article,Public Housing and Cooperatives,Development and Gentrification,Feminist and Queer Urbanism ,,United States,English,https://journals.sagepub.com/doi/abs/10.1177/1538513217724554?journalCode=jpha,
"Thomas, June Manning",,2019,Socially Responsible Practice:The Battle to Reshape the American Institute of Planners,Journal of Planning History,,Journal Article,Black Perspectives on Planning Practice and Education,,,,United States,English,,
"Travis, Jack",,2015,"Resistance, Education and the Collective Will of the Just City",Just City Essays: Volume One,"J. Max Bond Center, CUNY",Book - Chapter,Community Organizing and Citizen Participation,Racial and Social Justice,,,United States,English,https://static1.squarespace.com/static/5b5dfb72697a9837b1f6751b/t/5b7d8b5a88251b1adad06c60/1534954340713/JustCityEssays.pdf,
"Walcott, Rinaldo",,2004,A Tough Geography’: Towards a Poetics of Black Space(s) in Canada,Unhomely States: Theorizing English-Canadian Postcolonialism,Insomniac Press,Book - Chapter,"Politics of Land, Property, and Colonialism",,,,Canada,English,,
"Walcott, Rinaldo",,1997,Black Like Who?,,Insomniac Press,Book - Entire,"Culture, Placemaking, and Black Geographies",,,,Canada,English,,
"Wilkins, Craig",,2007,"The Aesthetics of Equity: Notes on Race, Space, Architecture and Music",,University of Minnesota Press,Book - Entire,Architecture and Urban Design,Racial and Social Justice,,,United States,English,https://www.upress.umn.edu/book-division/books/the-aesthetics-of-equity,
"Wilkins, Craig",,2015,Activist Architecture: The Philosophy & Practice of Community Design Centers,,DCDC,Book - Entire,Architecture and Urban Design,,,,United States,English,,
"Wilkins, Craig",,2016,Diversity Among Architects: From Margin to Center,,Routledge Press,Book - Entire,Architecture and Urban Design,,,,United States,English,,
"Wilkins, Craig",,2000,(W)rapped Space: The Architecture of Hip-Hop,Journal of Architecture Education,,Journal Article,Architecture and Urban Design,"Culture, Placemaking, and Black Geographies",,,United States,English,https://onlinelibrary.wiley.com/doi/abs/10.1162/104648800564680,
Willie Jamaal Wright,"Bledsoe, Adam",2019,The anti-Blackness of global capital,Environment and Planning D: Society and Space,,Journal Article,"Politics of Land, Property, and Colonialism",Racial and Social Justice,,,Global,English,,
"Wilson, Mabel O.",,2013,The Multicultural City,Rethinking the American City: An International Dialogue,University of Pennsylvania Press,Book - Chapter,Architecture and Urban Design,"Culture, Placemaking, and Black Geographies",,,United States,English,https://doi.org/10.9783/9780812209013.49,
"Wilson, Mabel O.",,1998,The inscription of blackness in Le Corbusier's Radiant City,Places Through the Body,Routledge,Book - Chapter,Architecture and Urban Design,,,,United States,English,,
"Wilson, Mabel O.","Gooden, Mario",2015,Image Cities Spectacles: Imagining a World Class African City,Entr’acte,,Book - Chapter,Architecture and Urban Design,,,,Global,English,https://link.springer.com/content/pdf/bfm%3A978-1-137-41418-2%2F3%2F1.pdf,
"Wilson, Mabel O.",Charles L. Davis II and Irene Cheng,2020,Race and Modern Architecture: A Critical History from the Enlightenment to the Present,,University of Pittsburgh Press,Book - Entire,Architecture and Urban Design,Racial and Social Justice,,,United States,English,,
"Wilson, Mabel O.",,2012,Negro Building: Black Americans in the World of Fairs and Museums,,Univ of California Press,Book - Entire,Architecture and Urban Design,"Culture, Placemaking, and Black Geographies",,,United States,English,https://sites.hampshire.edu/blackaesthetics/files/2017/01/Wilson_Negro_Building_intro_prol.pdf,
"Wilson, Mabel O.","Golden, Thelma",2003,"Black in Harlem: Architects, Racism and the City",,,Book - Entire,Architecture and Urban Design,Racial and Social Justice,Development and Gentrification,,United States,English,,
"Wilson, William Julius",,1987,"The Truly Disadvantaged: The Inner City, the Underclass, and Public Policy",,University of Chicago Press,Book - Entire,Racial and Social Justice,Municipal Policy and Governance,,,United States,English,https://press.uchicago.edu/ucp/books/book/chicago/T/bo13375722.html,
"Yasin, Amina",,2020,Whose Streets? Black Streets,The Tyee,,Online Material,Racial and Social Justice,Black Perspectives on Planning Practice and Education,,,United States,English,"https://thetyee.ca/Analysis/2020/06/18/Whose-Streets-Black-Streets/ ",